Location,Location Address - Line 1,Location Address - City,Location Address - State/Province,Location Address - Postal Code
54th St Enid Plant,201 S Raleigh Rd,Enid,Oklahoma,73701
Albany Plant,2294 KY 90 W,Albany,Kentucky,42602
Albany Waste Water Plant,2294 KY 90 W,Albany,Kentucky,42602
Albertville Plant,6600 Hwy 431 S,Albertville,Alabama,35950
Amarillo Plant,5000 FM1912,Amarillo,Texas,79108
Amherst Plant,1833 Cooper Foster Park,Amherst,Ohio,44001
Berry Street Plant,600 N Berry St,Springdale,Arkansas,72764
Berryville Plant,110 W Freeman Ave,Berryville,Arkansas,72616
Blountsville Plant,67240 Main St,Blountsville,Alabama,35031
Bowling Green Plant,1388 Production Avenue,Bowling Green,Kentucky,42101
Broken Bow Plant,5322 South Park Drive,Broken Bow,Oklahoma,74728
Camilla Plant,7220 US Hwy 19,Camilla,Georgia,31730
Camilla Waste Water Plant,7220 US Hwy 19,Camilla,Georgia,31730
Carthage Plant,1484 NE Loop,Carthage,Texas,75633
Carthage Plant (Choctaw),3865 Hwy 35 North,Carthage,Mississippi,39051
Caseyville Plant,12 Tucker Drive,Caseyville,Illinois,62232
Center Processing Plant,1019 Shelbyville St,Center,Texas,75935
Ceres Plant,1785 Interplex Drive,Vicksburg,Mississippi,39183
Chicago Plant (Bruss),3548 N Kostner Ave,Chicago,Illinois,60641
Chick-N-Quick Plant,400 W Olrich St,Rogers,Arkansas,72756
Cincinnati Plant,9990 Princeton Glendale Rd,Cincinnati,Ohio,45246
Claremont Plant,3437 E Main Street,Claremont,North Carolina,28610
Clarksville Plant,301 E Cherry Street,Clarksville,Arkansas,72830
Claryville Plant,1099 Bob Huber Dr,Alexandria,Kentucky,41001-9001
Closed - Jackson Plant,238 Wilmington St,Jackson,Mississippi,39204
Closed - Traverse City Plant,2314 Sybrand Rd,Traverse City,Michigan,49684
Concordia Plant,1901 S St Louis St,Concordia,Missouri,64020
Corydon Plant,545 Valley Rd,Corydon,Indiana,47112
Council Bluffs Case Rdy Plant,2700 23rd Ave,Council Bluffs,Iowa,51501
Cumming Plant,340 W Maple,Cumming,Georgia,30040
Dakota City Plant,1131 Dakota Ave,Dakota City,Nebraska,68731
Dallas Plant,4114 Mint Way,Dallas,Texas,75237
Danville Plant,1725 Cane Creek Parkway,Ringgold,Virginia,24586
Dardanelle Plant,1291 N Hwy 7,Dardanelle,Arkansas,72834
Denison Plant,2490 Lincoln Way,Denison,Iowa,51442
Dexter Plant,1001 E Stoddard St,Dexter,Missouri,63841
Easley Plant,133 Cloverdale Drive,Easley,South Carolina,29640
Emporia Plant,2101 West 6th St,Emporia,Kansas,66801
Enterprise Enid Plant,5110 Enterprise Blvd,Enid,Oklahoma,73701
Eufaula FP Plant,57 Melvin Clark Road,Baker Hill,Alabama,36027
Eufaula Fresh Plant,57 Melvin Clark Road,Baker Hill,Alabama,36027
Eufaula Waste Water Plant,57 Melvin Clark Road,Baker Hill,Alabama,36027
Finney County Plant,3105 North IBP Rd,Holcomb,Kansas,67851
Fort Smith Plant,1610 Midland Blvd,Fort Smith,Arkansas,72901
Gadsden Plant,2281 Steele Station Rd,Gadsden,Alabama,35906
Glen Allen Plant,13264 Mountain Rd,Glen Allen,Virginia,23059
Goodlettsville Case Rdy Plant,201 Cartwright Dr,Goodlettsville,Tennessee,37072
Grannis Plant,8564 Hwy 71 S,Grannis,Arkansas,71944
Green Forest Par-Fry Plant,601 Tyson Dr,Green Forest,Arkansas,72638
Green Forest Plant,601 Tyson Dr,Green Forest,Arkansas,72638
Haltom City Plant,3900 Meacham,Haltom City,Texas,76117
Hope Plant,275 County Rd 278,Hope,Arkansas,71801
Houston Portwall St Plant,300 Portwall St,Houston,Texas,77029
Humboldt Plant,550 Tyson Blvd.,Humboldt,Tennessee,38343
Hutchinson Plant,9 N Washington,South Hutchinson,Kansas,67505-1111
Hutchinson Plant (KPR),521 S Main,Hutchinson,Kansas,67501
Jacksonville Plant (Bruss),5441 W 5th Street,Jacksonville,Florida,32254
Joslin Plant,28424-38th Avenue North,Hillsdale,Illinois,61257
Kansas City Plant,4612 Speaker Rd,Kansas City,Kansas,66106
Lexington Plant,1500 S Plum Creek Pkwy,Lexington,Nebraska,68850
Logansport Plant,2125 S County Rd 125,Logansport,Indiana,46947
Louisa County Plant,16198 Hwy 70 North,Columbus Junction,Iowa,52738
Madison Ham Plant,1200 Industrial Pkwy,Madison,Nebraska,68748
Madison Plant,1200 Industrial Pkwy,Madison,Nebraska,68748
Mexican Original Sanford Plant,800 E Main St,Sanford,North Carolina,27332
Monett Plant,800 County Road,Monett,Missouri,65708
Monroe Plant,2023 Hasty St,Monroe,North Carolina,28112
N. Little Rock Plant,3800 Progress St,North Little Rock,Arkansas,72114
Nashville Plant,100 E Cassady St,Nashville,Arkansas,71852
New Holland F/P Plant,403 S Custer Ave,New Holland,Pennsylvania,17557
New Holland Plant,403 S Custer Ave,New Holland,Pennsylvania,17557
New London Plant,N3620 Cty Rd D,New London,Wisconsin,54961
Newbern Plant,2000 Biffle Road,Newbern,Tennessee,38059
Noel Plant,1 Tyson Ave,Noel,Missouri,64854
North Richland Hills Plant,6350 Browning Ct,N Richland Hills,Texas,76180
Obion County Plant,2800 E Tyson Dr,Union City,Tennessee,38261
Omaha Plant,13076 Renfro Circle,Omaha,Nebraska,68137
Pasco Plant,13983 Dodd Rd,Wallula,Washington,99363
Perry Plant,13500 I Court,Perry,Iowa,50220
Pine Bluff Jeff Pkwy Plant,5505 Jefferson Pkwy,White Hall,Arkansas,71602
Pine Enid Plant,206 East Pine Street,Enid,Oklahoma,73701
Portland Plant,54 St John Street,Portland,Maine,04102
Randall Road Plant,671 Randall Wobbe Ln,Springdale,Arkansas,72764
Robards Plant,14660 US Hwy 41 S,Robards,Kentucky,42452
Rome Plant,10 Darlington Dr,Rome,Georgia,30161
RVI-Hanceville Plant B,851 County Road 508,Hanceville,Alabama,35077
San Lorenzo Plant,2411 Baumann Ave,San Lorenzo,California,94580
Sedalia Plant,19571 Whitfield Rd,Sedalia,Missouri,65301
Seguin Plant,1200 W Kingsbury St,Seguin,Texas,78155
Shelbyville Plant,901 W Jackson St,Shelbyville,Tennessee,37160
Sherman Case Rdy Plant,4700 Hwy 75 South,Sherman,Texas,75090
St Joseph Plant,5807 Mitchell Avenue,St Joseph,Missouri,64507
Storm Lake Plant,1009 Richland St,Storm Lake,Iowa,50588
Storm Lake Turkey Plant,315 Vilas Rd,Storm Lake,Iowa,50588
Tecumseh Plant,333 South 3rd,Tecumseh,Nebraska,68450
Temperanceville Plant,11224 Lankford Hwy,Temperanceville,Virginia,23442
Tyler Road Plant,620 Tyler Rd,Russellville,Arkansas,72802
Tyson of Rogers Plant,212 E Elm St,Rogers,Arkansas,72756
University of Arkansas Processing Plant,1495 W Knapp St,Fayetteville,Arkansas,72704
Van Buren Plant,802 S 28th St,Van Buren,Arkansas,72956
Vernon Plant,700 Wheeler Street,Vernon,Texas,76384
Vienna Plant,1151 E Pine St,Vienna,Georgia,31092
Vineland Plant,1585 W Forest Grove Rd,Vineland,New Jersey,08360
Waldron Plant,442 Plant Street,Waldron,Arkansas,72958
Warren Michigan Plant,25000 Guenther Rd,Warren,Michigan,48091
Waterloo Plant,501 N Elk Run Rd,Waterloo,Iowa,50703
Waterloo Pork Plant,501 N Elk Run Rd,Waterloo,Iowa,50703
Waverly Plant,13151 Dovers Street,Waverly,Nebraska,68462
Wilkesboro Food Service Plant,706 Factory St,Wilkesboro,North Carolina,28697
Wilkesboro Fresh Plant,704 Factory St,Wilkesboro,North Carolina,28697
Wilkesboro Fresh Plant II,901 Wilkes St,Wilkesboro,North Carolina,28697
Willow Philly Enid Plant,4929 E Willow Rd,Enid,Oklahoma,73701
Zeeland Plant,8300 96th Avenue,Zeeland,Michigan,49464
